,,,,,VE,,,,
,,,,,,,,,VE
,,,,,,,,,
,,,,,,,,,
,,,,VE,,,,,
,,,,,,,,,
,,,,,,,,,
,,,,,,,,,
,Am,Am,EmDisc,Am,SYS,Am,,,
,,,,,,,,,
,,,,SYS,,,,,
,,VE,,,,,VE,VE,
,,,,,,,,,
,,,,,,,,,
,,,,,VE,,,,
,,,,,,,,,
,,,,VE,,,,,
,,,,,,,,,
,,,,,,,,,
,,,,,,,,,
,,,,,,,,,
,,,,,,,,VE,
,,,,,,,,,
,,SYS,,,,,,,
,,,,,,,,,
,,,,,,,,,
,,,,,,,VE,,
,,,,,,,,,
,,,SYS,SYS,,,,,
,VE,,,,,,,VE,VE
,,,,,,,,,
,,SYS,,,,,,,
,,,,,,,,,
,,,,,,,,,
,,,,,,,,,
,SYS,,SYS,,,,,SYS,
,,,,,,,,,
,,,,,,,,,
,,,,,,,,,
,,VE,VE,VE,VE,,,,
,,,,,,,,,
,,,,VE,,VE,,VE,
,,,,,,,,,
,,,,,,,,,
VE,,,,,,VE,VE,VE,
,,,,,,,,,
,,,,,,,,,
,,,,,,,,,
,,,,,,,,,
,,,,,,,,,
,,,,,,,,,
,,,,,,,,,VE
,,,,,,,,,
VE,,,,,,,VE,VE,
,,,,,,,,,
,,,,,,,,,
,,,,,,,,,
,,,,,,,,,
,,,,,VE,,,,
,,,,VE,,,,,
,,,,,,,,,
VE,,VE,VE,,,,,,VE
,,,,,,,,,
,,,,,,,,,
,,,,,,,,,
,,,,,,,,,
,,,,VE,,,,,
,,,,,,,,,
,,,,,,,,,
,,,,,VE,,,,
,,,,,,,,,
,,,,,,,,,
,,,,,,,,,
,Am,,,EmDisc,,SYS,Am,Am,
,,,,,,,,,
,,,,,,,,,
VE,,,VE,VE,VE,,VE,VE,
,,,,,,,,,
,,,,,,,,,
,,,,,,VE,,,
,,,,VE,,,,,
,,,,,,,,,
,,,,,,,,,
,,EmDisc,Am,EmDisc,Am,Am,Am,,Am
,,,,,,,,,
,,,,,,,,,
,,,,,,,,VE,
,,,,,,,,,
,,,,VE,,,,,
,,,,,,,,,
,,,,,,,,,
,,,,,,,,,
,,,,,,,,,
,,,,VE,,,,,
,,,EmDisc,,,EmDisc,Am,Am,Am
,,,,,,,,,
,,,,,,,,VE,
,,,,,,,,,
Am,Am,EmDisc,,,,,Am,Am,SYS
,VE,,,,VE,,,,
,,,,,,,,,
,,,VE,,VE,,VE,,
,,,,,,,,,
,,,,,,,,,
,,,,,,,,,
,SYS,,,,SYS,,,,SYS
,,,,VE,,,,,
,,,VE,,,VE,,VE,
,,,,VE,,,,,
,,,,,,,,,
,,,,,,,,,
,,,,,,,,,
,,,,,EmDisc,,,,Am
,,,,,,,,,
,,,,,,,,,VE
,,,,,,,,,
,,,,,,,,,
,,,,VE,,,,,
,,,,,,,,,
,,,,,,,,,
,,,,,,,,,
,,,,,,,,,
,,,,,,,,,
,,,,,,,,,
,,,,,,,,,
,,,,,,,,,
,,,,,,,,,
,,,,,,VE,,,
,,,,,,,,,
,,,,,,,,,
,,,,,SYS,,,,SYS
,,,,,,,,,
,,,,,,,,,
,,,,,,,,,
,,VE,,,VE,,VE,,
,,,,,,,,,
,,,,,,,,,
,,,,,,,,,
,,,,VE,VE,,,,
,,,,,,,,,
,,,,VE,,,,,
,,,,,VE,,,,
,,,,,,,,,
,,SYS,,,,,SYS,,
,,,,,,,,,
,,,,,,,,,
,,,,,,,,,
,,,,,,,,,
,,,,,,,,,
,,,,,,,,,
,,VE,,,VE,,,,VE
,,,,,,,,,
,,,,,,,,,
,,,,,,,,,
,,,,,,,,,
,,SYS,,,,,,,
,,,,,,,,,
,,,PGC,,,,,,
,,,PGC,,,,,,
,,,,,,,,,ExMes
,,,PGC,,,,,,
,,,,,,,,,
,,,PGC,,,,,,
,,PGC,,,SYS,,,,
,EmDisc,,,,,,,,
,,,,,PGC,,,,
,,,,,,ExMes,,,
,,,,,,,,,EmDisc
,,,,SYS,SYS,,,,
,,,PGC,,,,,,
,,Am,,,,Am,,,
,PGC,Am,,,,Am,,,
,,,,EmDisc,,,,,
,,,,,,,,,SYS
,,,,,,SYS,,,
PGC,,,,,,,,,
,,,,,SYS,,SYS,,
,Am,Am,Am,,,Am,Am,Am,Am
,Am,EmDisc,,,PGC,VE,,,
,,,,VE,,,,,PGC
,,,,,,EmDisc,,,
,,,,PGC,,,,,
,,,,,SYS,SYS,,,
,,,,,SYS,,SYS,Am,
,,,,,EmDisc,,,VE,
,,,,,PGC,,,,
,PGC,,Am,,,,,,
,,,,Am,,SYS,,Am,Am
,,,,,,,,,
,PGC,,,Am,,,,,
,,,,,,,,EmDisc,
,PGC,,,,,,,,
,,PGC,,,,,,,
PGC,,,,,Am,,Am,VE,
,,,,,,,,,
,,,PGC,,,,,,
Am,Am,Am,Am,Am,Am,,Am,Am,
,,,,,,,ExMes,,
,,,,PGC,,,,,
,,,,,,,,,
,,,,,,PGC,,,
,,,,,,,ExMes,,
,PGC,,,,,,,,
PGC,,,,,,,,,
,,,,,,,,,
PGC,,,,,,,,,
,,PGC,,,,,,,
,SYS,,,,,,SYS,SYS,Am
,,,,,PGC,,,,
,,,,,,,,VE,
,PGC,,,,,,,,
,,,PGC,,,,,,
,,,,,VE,,PGC,Am,
,Am,Am,,,,,,PGC,
,PGC,,,,,,,,
Am,,SYS,,EmDisc,,,Am,,
,,,PGC,,,,,,
PGC,,,,,,,,,
,Am,,Am,Am,Am,Am,Am,Am,
,,,,,,,,ExMes,
,,,,,,,,ExMes,
PGC,,,,,Am,,Am,,
PGC,,,,,,,,,
,,,,,,,,,
,,,,,,SYS,,SYS,
,,,,,SYS,SYS,,,
EmDisc,,,,VE,,,Am,,
,,,Am,,,,,SYS,Am
,PGC,,,Am,,,,,
PGC,,,,,,,,,
,,,,,,,,ExMes,
,,,PGC,,,,,,
,PGC,,,,Am,,,,
PGC,,,,,,,,,
,,,,,,,,,
,,,,,PGC,,,,
PGC,,,,,,,,,
PGC,,,,,,,,,
,,,,,SYS,,SYS,,
,PGC,,,,,,,,
Am,Am,,Am,Am,Am,Am,,Am,Am
,,,,,,,ExMes,,
,,,,,,,SYS,SYS,
,,,,,,,,,
PGC,,,,,,,,,
,,,,,PGC,,,,
,,,,,SYS,,,SYS,
,,,,,,,ExMes,,
,,,,,,,ExMes,,
PGC,,,,,,,,,
,,,,PGC,,,,,
,PGC,,,,,,,,
,,,,,,,,,
,,,,,,,ExMes,,
,PGC,,,,,,,,
,,,,,,,ExMes,,
,,,,,,,,,
,,,,,,VE,,,
,,,,,,,ExMes,,
,,,,,VE,,PGC,Am,
,,,SYS,,,SYS,,,
,,,,,,,,,
,EmDisc,,,,,VE,,,
,,,EmDisc,,,,,Am,VE
,EmDisc,,,,,,,,
,,,,,,,,,
,PGC,Am,EmDisc,Am,Am,Am,Am,Am,Am
,,,,PGC,,,,,
,,,,,,,ExMes,,
,,,,,,PGC,,,
,,Am,Am,Am,Am,Am,,,Am
PGC,,,,,,,,,
EmDisc,,,Am,,VE,,,,
,,,,,,,ExMes,,
,,,,PGC,,,,,
,,,,PGC,,,,,
,,,,,PGC,,,,
,,PGC,,,,,,,
,,,,,PGC,,,,
,,,,,PGC,,,,
,PGC,,Am,,,Am,EmDisc,VE,
PGC,,,,,Am,,,EmDisc,
,EmDisc,,,,Am,,VE,,PGC
,EmDisc,,,Am,VE,,,,
PGC,,,,,,,,,
PGC,,,,Am,,,,,EmDisc
PGC,,,,,,,,,
EmDisc,,,,,,,,VE,Am
,,,,,,,,PGC,
,PGC,,,,,,,,
Am,SYS,,,EmDisc,,,,Am,
PGC,,,,,Am,,,EmDisc,
PGC,,,,,,,,,
,PGC,,,,,,,,
,,,,PGC,,,,,
,PGC,,,,,,,,
,PGC,,,,,,,,
,,,,,,,ExMes,,
,,PGC,,,,,,,
,,,,,,,,,
,,,,,,,,,ExMes
,,,,,SYS,SYS,,,
,EmDisc,Am,,,VE,,,,
,PGC,,,,,,,,
,,,,,VE,,,,PGC
,Am,,EmDisc,Am,,,Am,Am,
,,,PGC,,,,,,
,,,,,PGC,,,,
,,,,Am,,,SYS,,Am
,,,PGC,EmDisc,,Am,,,
,,,,,SYS,SYS,,,
,,,,,SYS,SYS,,,
,,,,,,,,,
PGC,,,,,,,,,
,,,,VE,,,,,
,,EmDisc,,Am,,PGC,VE,,
EmDisc,,,,,,,VE,,
,,,,,,,,,
,,Am,,,EmDisc,Am,SYS,,
,EmDisc,,,,,Am,,VE,
,,,,,,,,,
,,,,,PGC,,,,
,,,PGC,,,,,,
,EmDisc,,,,,VE,,,Am
,Am,EmDisc,VE,,,,,PGC,
,,,,,,,,,
,,,,VE,EmDisc,,,,PGC
,,,,PGC,,,,,
,,,Am,,SYS,Am,Am,Am,
,,EmDisc,VE,,,,,,
,,,PGC,,,,,,
,,SYS,,,Am,,Am,Am,
,,,,,,,,,
,,,,,,,,,
,,,EmDisc,,,,PGC,VE,
,PGC,,,,Am,,,,
,,,PGC,,,,,,
,,,,,PGC,,,,
,,,,,,,,,
PGC,,,,,,,,,
,,,,,,,ExMes,,
,,,,,,,,,
PGC,,,,,Am,,,Am,
,,,,,,PGC,,,
,PGC,,,,Am,,,,
,,EmDisc,,Am,,,,VE,
,,,,EmDisc,VE,,,,
,PGC,,,,,,,,
,,,PGC,,,,,,
,PGC,,,,,,,,
,,,,,,,,,
,,,,,PGC,,,,
,Am,,,,SYS,,,,
PGC,,,,Am,,,,,EmDisc
,,,,,,,VE,,PGC
,,,,,PGC,,,,
,,,,PGC,,,,,
,PGC,,,Am,,,,,
,,,,,,,ExMes,,
,,,,,SYS,SYS,,,
,,PGC,,,,,,,
,,,,,,,PGC,,
,,,,,PGC,,,,
,PGC,,,,,,,,
,,,,,,,,ExMes,
,,,,EmDisc,,,,PGC,VE
,,,,,,ExMes,,,
,,,,VE,,,,,
,EmDisc,,,VE,,,,Am,
,,,EmDisc,,,,VE,,
,EmDisc,Am,VE,,,,,,
,,,,,VE,,,PGC,
,,,,PGC,,,,,
,,,,,PGC,,,,
,Am,EmDisc,,,,VE,,,
PGC,,Am,Am,,,,VE,,
,,,,,Am,,,,
,,,,,PGC,,,,
PGC,,,,,,,,,
,,,,PGC,,,,,
PGC,,,,,,Am,Am,,
,,,,PGC,,,,,
,,,,,,,ExMes,,
,PGC,,Am,VE,,EmDisc,Am,,
,,,,,,,,,EmDisc
,,,,,,VE,,,PGC
,,,,,,,,,
,,,,,PGC,,,,PGC
EmDisc,,,,,,,VE,,
,,,,,SYS,,,SYS,
EmDisc,,,,,VE,,,Am,
,,PGC,,,,,,,
,,,,,PGC,,,,
,PGC,,,,,,,Am,
PGC,,,,,,,,,
,PGC,,,Am,,,,,
,PGC,,,,Am,VE,EmDisc,,Am
,PGC,,,Am,,,,,
,,,,Am,Am,Am,,Am,Am
,,,,,,,,,
,EmDisc,,,,,,,,
PGC,,,,,,,,,
,,PGC,,,,,,,
,,,,,,PGC,,,
,PGC,,,,,,,,
,,,,,,,,ExMes,
,,,,,SYS,SYS,,,
,,,PGC,,,,,,
Am,,Am,,Am,Am,Am,,,
,,,,,,,,,
,,,,EmDisc,,,,,
PGC,,,,,,,,,
PGC,,,,,,,,,
,PGC,,,,,Am,,,
PGC,,,,,Am,,EmDisc,,
,,,,,PGC,,,,
,PGC,,,Am,,,,,
,,,,,,,,,
,,,Am,,Am,SYS,Am,Am,Am
SYS,Am,,,,,EmDisc,,SYS,Am
,,,,,,,,,
,,,,,,,,,ExMes
,PGC,Am,,,,,,,Am
Am,Am,,EmDisc,PGC,Am,Am,Am,,Am
,,,,,,,EmDisc,PGC,EmDisc
,EmDisc,,,,,,,,
,PGC,,,,,,,,
,,,,,,,,,
,,,PGC,,,,,,
,,,,,,PGC,,,
,,,,,,,,,
PGC,,,,,,,,,
,,,,,SYS,,,SYS,
,,,,,,,,,
,,,PGC,,,,,,
,,,,,,,,,
PGC,,,,,Am,EmDisc,,,
,,,,,,PGC,,,
,,SYS,,,,,SYS,,
,,,,,,,,,
,PGC,,,,,,,Am,
,,,,,,SYS,PGC,,
,,,,PGC,,,,,
,,,,,SYS,,,SYS,
,,,,,,PGC,,PGC,
,,,,,SYS,,,SYS,
,PGC,Am,,,EmDisc,VE,,,
PGC,,,,,,,,,
,,EmDisc,VE,,,,,,
,EmDisc,,,VE,,,,,Am
,,,PGC,,,,,,
,,,,,,,,ExMes,
,,,PGC,,,,,,
,,,,,PGC,,,,
,,Am,PGC,EmDisc,VE,,,,
,EmDisc,Am,,VE,,,,,
,Am,PGC,,EmDisc,VE,,Am,,
Am,Am,Am,Am,Am,,Am,Am,Am,
PGC,,,,,,,,,
,PGC,,,,,,Am,,EmDisc
,,,,,,,,,
,,,,,,,ExMes,,
,,,,,,,,,
,,,PGC,,,,,,
,PGC,,Am,,,,Am,EmDisc,VE
PGC,,,,,,,,,
EmDisc,,,,,,,,,
,,,,,EmDisc,,PGC,,
,,,,,PGC,,,,
,,,,,,,,,
,,,,,SYS,SYS,,,
,EmDisc,Am,,VE,,,,,PGC
PGC,,,,,,,,,
,,,SYS,,SYS,,,,
,PGC,,,,,,,,
,,,,,,,,,
,,,,,,,,,
,,,,,,,,,
PGC,,,,,,,Am,EmDisc,
VE,VE,VE,VE,,,,,VE,VE
PGC,,,,,,,,,
PGC,,,,,,,EmDisc,EmDisc,Am
,,,,,,Am,,Am,Am
,Am,,Am,,EmDisc,,Am,EmDisc,
,,,Am,,,,,Am,
,,,,,,,,,
,,,,,,,,,
Am,,,,Am,EmDisc,Am,EmDisc,,EmDisc
,,,,,Am,,Am,,EmDisc
,,,,,,,,,
,,,,,,,,,
,,,,,,,,,
,,,,,,,,,
SYS,,,Am,,,EmDisc,Am,,EmDisc
,,,,,,,,,
,,,,,,,,,
,,,,,,,,,
,,,,,,,,,
,,,,,,,,,
,,,,,,,,,
,,,,,,,,,
,,,,Am,,,Am,SYS,
,,,,,,,,,
,,,,,,,,,
,,,,,,,,,
,,,,,,,,,
SYS,Am,,,EmDisc,,,Am,,
,,,PGC,,,,,,
Am,,,Am,EmDisc,,,,Am,EmDisc
,,,,,,,,,
,,,,,,,,,
,,,,,,,,,
,,,Am,SYS,,EmDisc,,,
,,,,,,,,,
,,,,,,,,,
,,,,,,,,,
,,,,,,,,,
,Am,SYS,,EmDisc,,Am,,,
,,PGC,,,,,,,
,,,,,,,,,
EmDisc,,,PGC,Am,Am,Am,Am,,Am
Am,Am,,EmDisc,SYS,,Am,EmDisc,,EmDisc
,,,,,,,,,
,,,,,,,,,
,,,,,Am,Am,,SYS,
,,,,,,,,,
,,,,,,,,,
,,,,,,,,,
,,,,,,,,,
,,,,,,,,,
,,,,,,,,,
VE,VE,,,,,,,VE,VE
,,,,,,,,,
,,,,,,,,,
,,,,,,,,,
,,,,,,,,,
,,,,,,,,,
,,,,,,,,,
,,,,,,,,,
,,,,,,,,,
,,,,,,,,,
PGC,,,,,,,,,
,,,,,,,,,
,,,,,,,,,
,,,,,,,,,
,,,,,,,,,
,,,,,,,,,
,,,,,,,,,
,,Am,,Am,,,,,PGC
,,,,,,,,,
,,,,,,,,,
,,,,,,,,,
,,,,,,,,,
PGC,,,,,,,,,
,,,,,,,,,
,,,,,,,,,
,,,,,,,,,
,,,,,,,,,
,,,,,,,,,
,,,,PGC,,,,SYS,
,,,,,,,,,
,,,,,,,,,
,,,,,,,,,
,,,,,,,,,
,,,,,,,,,
,,,,,,,,,
,,,,,,,,PGC,
,,,,,,,,,
,,,,,,,,,
,,,,,,,,,
,,,,,,,,,
,,,Am,,,Am,SYS,EmDisc,
,,,,,,,,,
,,,,,,,,,
,,,,,,,,,
,,,,,,,,,
,,,,,,,,,
,,,,,,,,,VE
,,,,,,,,,
,,,,,,,,,
,,,,,,,,,
,,,SYS,,,,,,PGC
,,,,,,,,,
,,,,,,,,,
,,,,,,,,,
,,,,,,,,,
,Am,,Am,,EmDisc,Am,EmDisc,,
,,,,,,,,,
,,,,,,,,,
Am,,Am,EmDisc,,,Am,EmDisc,EmDisc,
,Am,,EmDisc,,Am,,EmDisc,SYS,
,,,,PGC,,,,,
,,,,,,,,,
,,,,,,,,,
,,,,,,,,,
,,,,,,,,,
,,,,,,,,,
,,,,,,,,,
,,,,,,,,,
,,,,SYS,,,,SYS,
,,,,,,,,,
,,,,,,,,,
,,,,,,,,,
,,,,,,,,,
,,,,,,,,,
,,,,,,,,,
,,,,,,,,,
,,SYS,Am,,,EmDisc,Am,,EmDisc
,,,,,,,,,
,PGC,,,,,,,,
,Am,,EmDisc,Am,,SYS,,,Am
,,,,,,,,,
,,,,,,,,,
,,,,SYS,,,,SYS,
,,Am,,,Am,,Am,EmDisc,
,,,,,,,,,
,,,,,,,,,
,,,,,,,,,
,,,,,,,,,
,,,,,,,,,
EmDisc,Am,Am,Am,EmDisc,EmDisc,,,,Am
,,,,,,,,,ExMes
,,,,,,,,,
,,,PGC,,,,,,
,,,,,,,,,
,,,,,,,,,
,,,,,,,,,
,,,,,,,,,
,,,,,,,,,
,,,,,,,,,
,,,,,,,,,
,,,,,,,,,
,,,,,,,,,
,,,,,,,,,
,,,,,,,,,
,PGC,,,,,,ExMes,,
,,,,,,,,,
,,Am,,EmDisc,Am,,SYS,,Am
,,,,,,,,,
,,,,,,,,,
,,,,,,,,,
,,,Am,Am,,,,,
,PGC,,,,,,,,
,,,,,,,,,
,,,,,,,,,
,,VE,,,,VE,,,
,,,,,,,,,
,,,,,,,,,
,,,,,,,,,
,,,,,,,,,
,,,,,,,,,
,,,,,,,,,
,,,,,,,,,
,,,,,,,,,
,,,,,,,,,
,,,,,,,,,
VE,,,,,VE,,,VE,VE
,,,,,,,,,
,VE,,,,,,,,
,,,,,,,,,
,,,,,,,,,
,,,,,,,,,
,,,,,,,,,
,,,,,,,,,
,,,,,,,,,
,,,,,,,,,
,,,,,,,,,
,,,,,,,,,
,,,,,,,,,
,,,,,,,,,
,,,,,,,,,
,,,,,,,,,
,,,,,,,,,
,,,,,,,,,
,,,,,,,,,
,,,,,,,,,
,,,,,,,,,VE
,,,,,,,,,
,,,,,,,,,
,,,,,,,,,
,,,,,,,,,
,,,,,,,,,
,,,,,,,,,
,,,,,,,,,
,,,,,,,,,
,,,,,,,,,
,,,,,,,,,
